timestamp,open,high,low,close,volume
2024-10-02 20:00:00,140.0,141.55,138.61,140.82,68963.626
2024-10-02 21:00:00,140.82,141.51,139.73,140.85,26221.208
2024-10-02 22:00:00,140.85,141.6,139.35,141.57,23460.634
2024-10-02 23:00:00,141.57,141.72,140.18,140.18,21081.145
2024-10-03 00:00:00,140.18,141.42,138.65,140.66,92401.088
2024-10-03 01:00:00,140.66,142.14,140.57,141.38,47076.506
2024-10-03 02:00:00,141.38,142.4,141.06,142.03,27373.128
2024-10-03 03:00:00,142.03,142.99,141.68,142.9,23740.254
2024-10-03 04:00:00,142.9,142.9,141.81,142.1,16372.278
2024-10-03 05:00:00,142.1,142.34,140.95,141.3,20795.878
2024-10-03 06:00:00,141.3,142.24,141.01,141.67,16332.497
2024-10-03 07:00:00,141.67,142.12,139.87,139.89,35316.616
2024-10-03 08:00:00,139.89,140.07,135.78,136.12,93579.455
2024-10-03 09:00:00,136.12,137.69,135.21,137.28,77805.184
2024-10-03 10:00:00,137.28,138.28,136.7,138.25,40335.256
2024-10-03 11:00:00,138.25,138.51,136.79,136.85,31292.289
2024-10-03 12:00:00,136.85,136.98,135.33,136.12,69366.072
2024-10-03 13:00:00,136.12,137.38,134.44,136.95,81723.537
2024-10-03 14:00:00,136.95,138.55,134.61,134.81,116503.885
2024-10-03 15:00:00,134.81,136.13,133.06,135.57,98060.801
2024-10-03 16:00:00,135.57,136.66,133.65,135.02,68104.921
2024-10-03 17:00:00,135.02,136.72,134.05,135.95,52364.615
2024-10-03 18:00:00,135.95,136.96,135.14,136.07,37351.401
2024-10-03 19:00:00,136.07,137.46,135.42,137.33,34701.305
2024-10-03 20:00:00,137.33,137.89,135.94,136.08,37089.154
2024-10-03 21:00:00,136.08,137.26,135.22,137.12,25547.907
2024-10-03 22:00:00,137.12,137.47,136.38,136.96,19243.12
2024-10-03 23:00:00,136.96,137.47,135.91,136.82,22593.98
2024-10-04 00:00:00,136.82,137.41,135.92,135.98,32098.553
2024-10-04 01:00:00,135.98,138.69,135.93,138.15,50653.1
2024-10-04 02:00:00,138.15,138.43,137.23,137.59,21374.278
2024-10-04 03:00:00,137.59,137.7,136.75,137.32,21337.608
2024-10-04 04:00:00,137.32,138.38,137.26,137.72,17267.796
2024-10-04 05:00:00,137.72,139.52,137.57,139.26,23756.951
2024-10-04 06:00:00,139.26,139.72,138.33,138.47,26705.543
2024-10-04 07:00:00,138.47,139.77,138.27,139.55,19191.865
2024-10-04 08:00:00,139.55,141.11,139.22,140.01,44203.088
2024-10-04 09:00:00,140.01,140.57,139.58,139.77,41685.031
2024-10-04 10:00:00,139.77,140.36,139.16,139.45,15178.358
2024-10-04 11:00:00,139.45,140.26,139.41,140.12,18924.939
2024-10-04 12:00:00,140.12,142.33,139.21,142.29,78121.914
2024-10-04 13:00:00,142.29,142.68,140.41,141.17,76780.486
2024-10-04 14:00:00,141.17,141.24,138.09,139.86,76372.849
2024-10-04 15:00:00,139.86,142.62,139.83,142.45,69064.627
2024-10-04 16:00:00,142.45,144.44,141.82,143.85,63521.811
2024-10-04 17:00:00,143.85,144.06,142.56,142.83,42155.722
2024-10-04 18:00:00,142.83,143.93,142.34,143.92,31695.065
2024-10-04 19:00:00,143.92,144.55,143.53,143.9,26512.891
2024-10-04 20:00:00,143.9,143.98,142.82,143.7,19543.625
2024-10-04 21:00:00,143.7,144.58,143.29,143.59,18863.434
2024-10-04 22:00:00,143.59,143.78,142.6,142.94,17647.911
2024-10-04 23:00:00,142.94,143.28,142.6,143.23,11855.328
2024-10-05 00:00:00,143.23,144.04,143.11,144.03,9978.755
2024-10-05 01:00:00,144.03,144.05,142.9,143.57,20076.908
2024-10-05 02:00:00,143.57,143.74,142.29,142.37,15182.373
2024-10-05 03:00:00,142.37,142.39,141.72,141.83,19736.999
2024-10-05 04:00:00,141.83,142.77,141.54,142.38,19072.899
2024-10-05 05:00:00,142.38,143.6,142.28,143.54,18271.501
2024-10-05 06:00:00,143.54,144.45,143.04,144.36,18145.094
2024-10-05 07:00:00,144.36,144.54,143.75,143.8,17575.694
2024-10-05 08:00:00,143.8,144.93,143.72,144.49,27674.823
2024-10-05 09:00:00,144.49,144.88,144.4,144.71,11991.667
2024-10-05 10:00:00,144.71,144.71,143.89,144.02,12529.934
2024-10-05 11:00:00,144.02,144.27,143.3,143.42,13240.095
2024-10-05 12:00:00,143.42,144.1,143.37,144.09,15747.676
2024-10-05 13:00:00,144.09,144.15,142.69,142.78,22918.532
2024-10-05 14:00:00,142.78,143.51,142.48,143.12,19564.344
2024-10-05 15:00:00,143.12,143.32,142.55,142.88,11767.368
2024-10-05 16:00:00,142.88,143.0,142.12,142.19,31315.014
2024-10-05 17:00:00,142.19,142.86,142.08,142.71,10970.399
2024-10-05 18:00:00,142.71,142.92,142.05,142.27,17886.763
2024-10-05 19:00:00,142.27,142.46,141.97,142.17,12748.2
2024-10-05 20:00:00,142.17,142.26,141.02,141.1,29726.82
2024-10-05 21:00:00,141.1,142.26,141.1,141.66,10624.825
2024-10-05 22:00:00,141.66,142.98,141.61,142.96,12792.093
2024-10-05 23:00:00,142.96,142.96,142.32,142.61,8784.663
2024-10-06 00:00:00,142.61,142.66,141.98,142.28,8713.136
2024-10-06 01:00:00,142.28,143.5,142.13,143.5,13502.291
2024-10-06 02:00:00,143.5,143.56,142.88,143.17,9923.61
2024-10-06 03:00:00,143.17,143.68,142.61,142.68,12877.804
2024-10-06 04:00:00,142.68,143.15,142.1,142.4,9224.85
2024-10-06 05:00:00,142.4,142.95,142.12,142.62,9813.429
2024-10-06 06:00:00,142.62,143.37,142.54,143.03,7617.275
2024-10-06 07:00:00,143.03,143.44,142.79,142.96,9029.599
2024-10-06 08:00:00,142.96,143.48,142.61,143.31,9639.578
2024-10-06 09:00:00,143.31,144.22,143.27,143.77,12425.176
2024-10-06 10:00:00,143.77,144.04,143.36,143.57,9172.29
2024-10-06 11:00:00,143.57,144.33,143.41,144.01,13046.866
2024-10-06 12:00:00,144.01,144.63,143.95,144.51,16743.083
2024-10-06 13:00:00,144.51,144.93,144.37,144.39,19429.269
2024-10-06 14:00:00,144.39,146.61,144.1,146.39,29712.861
2024-10-06 15:00:00,146.39,146.68,145.19,145.97,24802.692
2024-10-06 16:00:00,145.97,146.5,144.87,144.9,28186.421
2024-10-06 17:00:00,144.9,145.62,144.87,145.1,10850.498
2024-10-06 18:00:00,145.1,145.99,145.1,145.95,8980.539
2024-10-06 19:00:00,145.95,146.5,145.25,145.41,33128.891
2024-10-06 20:00:00,145.41,145.58,145.14,145.41,13722.778
2024-10-06 21:00:00,145.41,145.95,144.29,144.42,23872.553
2024-10-06 22:00:00,144.42,145.44,144.42,145.35,11501.398
2024-10-06 23:00:00,145.35,146.77,145.35,146.47,27225.896
2024-10-07 00:00:00,146.47,149.45,145.88,149.27,51225.577
2024-10-07 01:00:00,149.27,150.46,148.63,150.44,56421.475
2024-10-07 02:00:00,150.44,151.0,149.22,149.48,25497.72
2024-10-07 03:00:00,149.48,150.1,149.06,149.93,27694.33
2024-10-07 04:00:00,149.93,150.52,149.53,149.57,16913.021
2024-10-07 05:00:00,149.57,150.07,148.72,148.89,22465.821
2024-10-07 06:00:00,148.89,149.52,148.7,149.48,17164.634
2024-10-07 07:00:00,149.48,149.48,147.92,148.03,37280.167
2024-10-07 08:00:00,148.03,149.52,147.96,148.45,51205.6
2024-10-07 09:00:00,148.45,148.6,146.75,147.38,29019.545
2024-10-07 10:00:00,147.38,147.38,146.09,146.66,25305.539
2024-10-07 11:00:00,146.66,147.49,145.64,147.46,43320.846
2024-10-07 12:00:00,147.46,147.49,146.49,146.58,17771.401
2024-10-07 13:00:00,146.58,147.97,146.4,147.87,34061.328
2024-10-07 14:00:00,147.87,152.35,147.75,150.51,134542.768
2024-10-07 15:00:00,150.51,150.54,148.29,148.7,56818.239
2024-10-07 16:00:00,148.7,149.44,147.74,149.17,38440.095
2024-10-07 17:00:00,149.17,149.34,148.33,149.1,23240.954
2024-10-07 18:00:00,149.1,149.1,145.48,145.72,66598.69
2024-10-07 19:00:00,145.72,147.35,145.57,147.1,35515.568
2024-10-07 20:00:00,147.1,147.28,145.65,145.69,17809.696
2024-10-07 21:00:00,145.69,147.05,145.69,146.87,13601.19
2024-10-07 22:00:00,146.87,146.89,144.32,144.45,39889.883
2024-10-07 23:00:00,144.45,146.01,143.47,143.97,83191.723
2024-10-08 00:00:00,143.97,145.1,143.46,144.81,48298.384
2024-10-08 01:00:00,144.81,145.43,143.93,145.07,24926.433
2024-10-08 02:00:00,145.07,145.62,144.06,145.32,24275.242
2024-10-08 03:00:00,145.32,145.33,144.54,144.71,12125.985
2024-10-08 04:00:00,144.71,145.05,143.68,144.27,15628.857
2024-10-08 05:00:00,144.27,144.37,142.88,143.75,31394.905
2024-10-08 06:00:00,143.75,144.33,142.74,144.07,21160.906
2024-10-08 07:00:00,144.07,144.08,142.14,143.08,26071.485
2024-10-08 08:00:00,143.08,143.71,142.71,143.58,21472.976
2024-10-08 09:00:00,143.58,143.98,142.88,143.65,17345.614
2024-10-08 10:00:00,143.65,144.37,143.29,144.13,20266.558
2024-10-08 11:00:00,144.13,144.65,143.93,144.49,16722.165
2024-10-08 12:00:00,144.49,144.59,143.23,143.3,19661.506
2024-10-08 13:00:00,143.3,145.05,142.7,145.03,35563.54
2024-10-08 14:00:00,145.03,145.53,142.4,144.12,51562.724
2024-10-08 15:00:00,144.12,144.36,141.14,142.8,48756.687
2024-10-08 16:00:00,142.8,143.93,141.74,143.8,24900.6
2024-10-08 17:00:00,143.8,143.96,142.39,143.36,25002.313
2024-10-08 18:00:00,143.36,143.88,142.34,142.91,16533.164
2024-10-08 19:00:00,142.91,144.07,142.24,143.74,21745.961
2024-10-08 20:00:00,143.74,144.48,143.35,144.46,15889.788
2024-10-08 21:00:00,144.46,144.71,144.02,144.22,9849.73
2024-10-08 22:00:00,144.22,144.28,143.16,143.22,12296.184
2024-10-08 23:00:00,143.22,143.63,142.67,143.48,8259.779
2024-10-09 00:00:00,143.48,144.25,143.09,144.25,12501.427
2024-10-09 01:00:00,144.25,145.34,144.0,144.83,25268.13
2024-10-09 02:00:00,144.83,144.88,143.89,143.91,14962.835
2024-10-09 03:00:00,143.91,144.61,143.51,143.95,17187.621
2024-10-09 04:00:00,143.95,144.11,143.18,143.34,8049.666
2024-10-09 05:00:00,143.34,144.33,143.03,144.21,12745.958
2024-10-09 06:00:00,144.21,144.3,143.3,143.55,9864.734
2024-10-09 07:00:00,143.55,143.55,142.71,143.18,16292.225
2024-10-09 08:00:00,143.18,143.5,142.47,142.93,14722.991
2024-10-09 09:00:00,142.93,143.34,142.65,143.27,8356.854
2024-10-09 10:00:00,143.27,143.42,142.45,142.62,24932.943
2024-10-09 11:00:00,142.62,143.31,142.56,143.2,6798.789
2024-10-09 12:00:00,143.2,143.35,141.23,141.85,28397.237
2024-10-09 13:00:00,141.85,142.22,140.18,141.12,58308.724
2024-10-09 14:00:00,141.12,142.08,140.67,141.31,24705.02
2024-10-09 15:00:00,141.31,143.11,141.3,142.81,28168.518
2024-10-09 16:00:00,142.81,142.88,140.66,140.83,36155.365
2024-10-09 17:00:00,140.83,141.44,140.38,141.17,13257.278
2024-10-09 18:00:00,141.17,141.45,139.62,140.54,40116.851
2024-10-09 19:00:00,140.54,141.15,140.02,141.12,20004.228
2024-10-09 20:00:00,141.12,141.12,138.71,138.8,34469.502
2024-10-09 21:00:00,138.8,140.08,138.66,139.86,18686.17
2024-10-09 22:00:00,139.86,139.87,139.14,139.21,12852.763
2024-10-09 23:00:00,139.21,139.7,139.05,139.33,11582.713
2024-10-10 00:00:00,139.33,139.37,137.68,138.48,22703.493
2024-10-10 01:00:00,138.48,139.82,138.45,139.31,12350.101
2024-10-10 02:00:00,139.31,139.92,139.27,139.73,14492.144
2024-10-10 03:00:00,139.73,140.4,139.58,139.91,6938.696
2024-10-10 04:00:00,139.91,140.31,139.69,139.88,6726.542
2024-10-10 05:00:00,139.88,140.92,139.45,140.56,16736.345
2024-10-10 06:00:00,140.56,140.73,140.13,140.5,9341.686
2024-10-10 07:00:00,140.5,140.51,139.65,139.71,7629.21
2024-10-10 08:00:00,139.71,140.15,138.55,138.66,27583.463
2024-10-10 09:00:00,138.66,138.83,137.43,138.42,51075.941
2024-10-10 10:00:00,138.42,139.69,138.33,139.47,21035.851
2024-10-10 11:00:00,139.47,140.49,139.31,140.44,18879.739
2024-10-10 12:00:00,140.44,140.83,138.28,138.96,55820.505
2024-10-10 13:00:00,138.96,140.19,137.27,138.07,52418.562
2024-10-10 14:00:00,138.07,138.66,136.16,137.52,95748.402
2024-10-10 15:00:00,137.52,138.68,137.02,138.68,33820.344
2024-10-10 16:00:00,138.68,139.09,137.74,138.04,23404.499
2024-10-10 17:00:00,138.04,138.51,136.52,136.62,36443.108
2024-10-10 18:00:00,136.62,137.34,135.5,137.32,67883.428
2024-10-10 19:00:00,137.32,138.18,136.95,138.12,23768.503
2024-10-10 20:00:00,138.12,138.79,137.19,137.62,41356.925
2024-10-10 21:00:00,137.62,138.68,137.35,138.68,12235.564
2024-10-10 22:00:00,138.68,138.87,137.83,138.58,17747.525
2024-10-10 23:00:00,138.58,139.09,138.58,139.05,13506.567
2024-10-11 00:00:00,139.05,139.85,138.86,139.35,23935.865
2024-10-11 01:00:00,139.35,140.54,138.71,140.26,21282.846
2024-10-11 02:00:00,140.26,141.07,139.68,140.91,18511.302
2024-10-11 03:00:00,140.91,141.53,140.84,140.86,15396.595
2024-10-11 04:00:00,140.86,141.17,140.65,141.08,10636.939
2024-10-11 05:00:00,141.08,141.4,140.86,140.94,11646.526
2024-10-11 06:00:00,140.94,141.95,140.94,141.52,12580.352
2024-10-11 07:00:00,141.52,142.08,141.09,141.18,26597.693
2024-10-11 08:00:00,141.18,141.69,140.99,141.44,13488.145
2024-10-11 09:00:00,141.44,142.33,141.42,142.15,19106.905
2024-10-11 10:00:00,142.15,142.73,141.71,142.01,31200.649
2024-10-11 11:00:00,142.01,142.31,141.58,141.98,10902.661
2024-10-11 12:00:00,141.98,143.14,141.87,143.0,45118.882
2024-10-11 13:00:00,143.0,143.93,142.24,143.64,36381.255
2024-10-11 14:00:00,143.64,144.36,143.5,143.86,42716.153
2024-10-11 15:00:00,143.86,145.54,143.67,144.39,55863.04
2024-10-11 16:00:00,144.39,144.83,143.89,144.75,34984.151
2024-10-11 17:00:00,144.75,146.21,144.66,145.9,33107.666
2024-10-11 18:00:00,145.9,146.21,145.14,145.83,29062.383
2024-10-11 19:00:00,145.83,146.56,145.2,145.44,35017.163
2024-10-11 20:00:00,145.44,146.2,145.13,146.13,11718.858
2024-10-11 21:00:00,146.13,146.43,145.8,145.89,14537.225
2024-10-11 22:00:00,145.89,146.12,145.34,145.88,17697.968
2024-10-11 23:00:00,145.88,145.96,145.18,145.55,11587.67
2024-10-12 00:00:00,145.55,146.61,145.51,146.26,17693.753
2024-10-12 01:00:00,146.26,146.51,145.71,145.89,14344.867
2024-10-12 02:00:00,145.89,145.92,144.88,145.06,11169.192
2024-10-12 03:00:00,145.06,145.27,144.7,145.13,7706.074
2024-10-12 04:00:00,145.13,145.94,145.13,145.37,13238.866
2024-10-12 05:00:00,145.37,145.95,145.34,145.89,6189.481
2024-10-12 06:00:00,145.89,145.98,145.6,145.75,7025.361
2024-10-12 07:00:00,145.75,145.93,145.42,145.57,11824.333
2024-10-12 08:00:00,145.57,145.89,145.47,145.72,5828.498
2024-10-12 09:00:00,145.72,145.87,145.47,145.85,4713.16
2024-10-12 10:00:00,145.85,146.96,145.68,146.8,19977.906
2024-10-12 11:00:00,146.8,147.22,146.2,146.26,21938.722
2024-10-12 12:00:00,146.26,147.21,145.84,147.02,16181.557
2024-10-12 13:00:00,147.02,147.31,146.24,146.54,15708.634
2024-10-12 14:00:00,146.54,147.27,146.2,146.92,15217.809
2024-10-12 15:00:00,146.92,147.24,145.72,146.09,20882.659
2024-10-12 16:00:00,146.09,146.94,146.09,146.43,14672.57
2024-10-12 17:00:00,146.43,147.06,146.33,146.99,13235.704
2024-10-12 18:00:00,146.99,147.2,146.25,146.46,8012.553
2024-10-12 19:00:00,146.46,146.97,146.22,146.79,9631.941
2024-10-12 20:00:00,146.79,146.96,146.6,146.73,5677.943
2024-10-12 21:00:00,146.73,147.21,146.46,146.75,10666.851
2024-10-12 22:00:00,146.75,147.2,146.44,147.05,11715.459
2024-10-12 23:00:00,147.05,147.15,146.33,146.39,7685.419
2024-10-13 00:00:00,146.39,147.07,146.39,146.69,8877.453
2024-10-13 01:00:00,146.69,146.69,145.74,145.95,19264.393
2024-10-13 02:00:00,145.95,146.13,145.76,146.13,8642.191
2024-10-13 03:00:00,146.13,146.13,145.14,145.31,16033.283
2024-10-13 04:00:00,145.31,146.0,145.27,145.92,7310.336
2024-10-13 05:00:00,145.92,146.74,145.85,146.55,8962.782
2024-10-13 06:00:00,146.55,147.0,146.29,146.43,6928.793
2024-10-13 07:00:00,146.43,146.59,146.02,146.43,7726.296
2024-10-13 08:00:00,146.43,147.06,146.41,146.64,16402.49
2024-10-13 09:00:00,146.64,147.92,146.6,147.68,26921.566
2024-10-13 10:00:00,147.68,148.39,147.15,147.15,20445.336
2024-10-13 11:00:00,147.15,147.59,146.42,146.48,20816.68
2024-10-13 12:00:00,146.48,147.66,146.44,147.3,18625.818
2024-10-13 13:00:00,147.3,148.06,147.2,147.23,17730.318
2024-10-13 14:00:00,147.23,147.32,145.31,145.46,33789.018
2024-10-13 15:00:00,145.46,146.0,144.47,145.32,34823.202
2024-10-13 16:00:00,145.32,146.13,144.91,145.98,16103.163
2024-10-13 17:00:00,145.98,146.53,145.22,145.44,16590.312
2024-10-13 18:00:00,145.44,145.87,144.69,145.36,30537.254
2024-10-13 19:00:00,145.36,146.13,145.36,146.03,9023.938
2024-10-13 20:00:00,146.03,146.36,145.65,146.33,7102.844
2024-10-13 21:00:00,146.33,148.02,146.0,147.91,17870.178
2024-10-13 22:00:00,147.91,148.86,147.42,147.82,24625.862
2024-10-13 23:00:00,147.82,147.82,146.94,147.73,13453.506
2024-10-14 00:00:00,147.73,147.99,146.78,147.22,15590.299
2024-10-14 01:00:00,147.22,148.3,147.2,147.79,17322.745
2024-10-14 02:00:00,147.79,148.84,147.13,148.42,27767.473
2024-10-14 03:00:00,148.42,152.56,148.38,152.5,79995.961
2024-10-14 04:00:00,152.5,153.32,152.11,152.22,49706.523
2024-10-14 05:00:00,152.22,152.47,150.9,151.44,29227.878
2024-10-14 06:00:00,151.44,152.42,151.01,151.97,22110.274
2024-10-14 07:00:00,151.97,153.14,151.6,153.03,42092.446
2024-10-14 08:00:00,153.03,153.37,152.34,152.53,53495.727
2024-10-14 09:00:00,152.53,153.68,152.03,152.99,32143.377
2024-10-14 10:00:00,152.99,153.95,152.64,153.12,26831.184
2024-10-14 11:00:00,153.12,153.31,152.71,153.14,16128.549
2024-10-14 12:00:00,153.14,153.53,152.6,153.15,24103.631
2024-10-14 13:00:00,153.15,154.2,152.6,153.68,38615.01
2024-10-14 14:00:00,153.68,155.99,153.61,155.01,88289.871
2024-10-14 15:00:00,155.01,158.1,154.98,156.73,89951.484
2024-10-14 16:00:00,156.73,156.91,154.68,155.09,57110.053
2024-10-14 17:00:00,155.09,156.09,154.98,155.62,23097.838
2024-10-14 18:00:00,155.62,156.29,155.34,155.85,17795.756
2024-10-14 19:00:00,155.85,156.29,155.51,155.66,18664.632
2024-10-14 20:00:00,155.66,156.5,155.43,156.14,31372.316
2024-10-14 21:00:00,156.14,156.51,155.48,155.77,19140.254
2024-10-14 22:00:00,155.77,158.12,155.72,157.98,36846.229
2024-10-14 23:00:00,157.98,158.01,156.83,157.58,27552.059
2024-10-15 00:00:00,157.58,158.28,156.82,157.46,35636.913
2024-10-15 01:00:00,157.46,158.16,156.73,157.19,26114.441
2024-10-15 02:00:00,157.19,158.07,156.83,157.45,17523.41
2024-10-15 03:00:00,157.45,157.5,155.19,155.5,39227.076
2024-10-15 04:00:00,155.5,156.34,155.06,156.05,23946.642
2024-10-15 05:00:00,156.05,156.12,154.02,154.37,50310.036
2024-10-15 06:00:00,154.37,154.98,153.77,154.86,43178.354
2024-10-15 07:00:00,154.86,155.43,154.74,155.14,22752.149
2024-10-15 08:00:00,155.14,155.5,154.72,154.87,21892.515
2024-10-15 09:00:00,154.87,154.95,154.11,154.4,20349.045
2024-10-15 10:00:00,154.4,155.23,154.04,154.92,23476.02
2024-10-15 11:00:00,154.92,154.96,151.76,152.38,57016.6
2024-10-15 12:00:00,152.38,153.95,152.04,153.5,45742.24
2024-10-15 13:00:00,153.5,158.94,152.94,158.57,104232.77
2024-10-15 14:00:00,158.57,159.68,151.44,152.38,242241.671
2024-10-15 15:00:00,152.38,154.85,150.3,153.3,145026.742
2024-10-15 16:00:00,153.3,156.31,153.07,154.98,72158.546
2024-10-15 17:00:00,154.98,155.64,153.94,154.78,36891.64
2024-10-15 18:00:00,154.78,156.35,154.58,155.04,32930.231
2024-10-15 19:00:00,155.04,155.52,154.18,155.16,32675.209
2024-10-15 20:00:00,155.16,155.28,152.33,152.79,54690.837
2024-10-15 21:00:00,152.79,153.6,152.32,153.57,19202.055
2024-10-15 22:00:00,153.57,154.06,152.95,153.0,19893.905
2024-10-15 23:00:00,153.0,155.05,152.96,154.75,29070.062
2024-10-16 00:00:00,154.75,154.99,153.37,153.8,18211.461
2024-10-16 01:00:00,153.8,155.02,153.01,154.76,31876.099
2024-10-16 02:00:00,154.76,156.11,154.4,154.5,27362.681
2024-10-16 03:00:00,154.5,154.73,153.78,154.19,20937.234
2024-10-16 04:00:00,154.19,154.76,153.16,153.88,24238.353
2024-10-16 05:00:00,153.88,154.62,153.73,154.21,18687.077
2024-10-16 06:00:00,154.21,154.91,153.28,154.05,23192.463
2024-10-16 07:00:00,154.05,154.05,153.0,153.67,32548.874
2024-10-16 08:00:00,153.67,154.92,153.4,154.48,35745.022
2024-10-16 09:00:00,154.48,155.82,154.43,155.32,28225.09
2024-10-16 10:00:00,155.32,156.38,154.99,155.93,39743.519
2024-10-16 11:00:00,155.93,158.42,155.25,155.87,81098.163
2024-10-16 12:00:00,155.87,156.49,155.16,155.44,48661.669
2024-10-16 13:00:00,155.44,155.93,153.77,154.42,63978.303
2024-10-16 14:00:00,154.42,156.89,154.09,155.18,69318.33
2024-10-16 15:00:00,155.18,155.98,154.02,155.72,34972.633
2024-10-16 16:00:00,155.72,155.99,154.18,155.33,32455.348
2024-10-16 17:00:00,155.33,155.7,154.82,155.1,29505.196
2024-10-16 18:00:00,155.1,155.28,154.35,154.44,21851.592
2024-10-16 19:00:00,154.44,154.73,154.06,154.36,19118.986
2024-10-16 20:00:00,154.36,155.14,153.99,154.39,29817.339
2024-10-16 21:00:00,154.39,154.75,153.66,153.92,20306.072
2024-10-16 22:00:00,153.92,155.06,153.92,154.83,28056.513
2024-10-16 23:00:00,154.83,154.92,154.09,154.29,12130.35
2024-10-17 00:00:00,154.29,155.57,154.29,154.9,18030.327
2024-10-17 01:00:00,154.9,155.73,154.11,155.62,27435.59
2024-10-17 02:00:00,155.62,155.75,153.85,153.94,20207.694
2024-10-17 03:00:00,153.94,154.79,153.76,154.62,14100.811
2024-10-17 04:00:00,154.62,154.79,153.07,153.27,22578.706
2024-10-17 05:00:00,153.27,153.66,152.38,152.68,31646.29
2024-10-17 06:00:00,152.68,153.3,152.24,152.35,26488.778
2024-10-17 07:00:00,152.35,152.68,151.6,152.6,27180.94
2024-10-17 08:00:00,152.6,153.3,152.07,153.22,28050.624
2024-10-17 09:00:00,153.22,153.48,152.81,153.06,16551.96
2024-10-17 10:00:00,153.06,153.31,151.24,152.4,22581.791
2024-10-17 11:00:00,152.4,152.59,151.11,151.3,20078.79
2024-10-17 12:00:00,151.3,152.54,151.02,152.52,23661.172
2024-10-17 13:00:00,152.52,153.27,151.39,152.15,34689.254
2024-10-17 14:00:00,152.15,152.34,150.8,151.99,46594.81
2024-10-17 15:00:00,151.99,153.14,151.19,152.9,40329.323
2024-10-17 16:00:00,152.9,152.91,150.7,151.28,29592.688
2024-10-17 17:00:00,151.28,151.5,149.22,149.46,46789.229
2024-10-17 18:00:00,149.46,149.55,147.68,148.51,52928.469
2024-10-17 19:00:00,148.51,149.68,148.33,149.38,17028.772
2024-10-17 20:00:00,149.38,150.44,149.27,149.63,18955.519
2024-10-17 21:00:00,149.63,150.26,149.6,150.1,11398.793
2024-10-17 22:00:00,150.1,150.96,150.1,150.91,15926.874
2024-10-17 23:00:00,150.91,150.92,150.21,150.48,8469.231
2024-10-18 00:00:00,150.48,150.78,149.68,149.73,12619.726
2024-10-18 01:00:00,149.73,152.78,149.64,152.4,28170.848
2024-10-18 02:00:00,152.4,153.25,152.04,153.18,19566.442
2024-10-18 03:00:00,153.18,153.24,151.77,151.9,15847.596
2024-10-18 04:00:00,151.9,152.72,151.9,152.42,8930.594
2024-10-18 05:00:00,152.42,153.06,152.23,153.01,8765.239
2024-10-18 06:00:00,153.01,154.05,152.88,153.7,19803.121
2024-10-18 07:00:00,153.7,154.25,153.36,153.89,16565.936
2024-10-18 08:00:00,153.89,154.34,153.53,153.72,12441.438
2024-10-18 09:00:00,153.72,154.13,153.27,153.53,11635.085
2024-10-18 10:00:00,153.53,153.96,153.41,153.7,9594.674
2024-10-18 11:00:00,153.7,154.03,152.86,153.01,10918.276
2024-10-18 12:00:00,153.01,153.32,152.17,152.4,14775.471
2024-10-18 13:00:00,152.4,153.91,152.26,153.81,28841.629
2024-10-18 14:00:00,153.81,154.79,152.99,154.45,60204.457
2024-10-18 15:00:00,154.45,155.27,153.93,154.73,43947.162
2024-10-18 16:00:00,154.73,156.08,153.67,155.72,36634.491
2024-10-18 17:00:00,155.72,156.26,155.35,155.5,42896.379
2024-10-18 18:00:00,155.5,156.67,155.21,156.12,20213.587
2024-10-18 19:00:00,156.12,156.18,154.52,154.81,20507.507
2024-10-18 20:00:00,154.81,154.94,154.18,154.62,12387.421
2024-10-18 21:00:00,154.62,154.79,153.77,154.37,9740.915
2024-10-18 22:00:00,154.37,154.39,153.85,154.32,10460.793
2024-10-18 23:00:00,154.32,155.2,154.26,154.96,9470.744
2024-10-19 00:00:00,154.96,155.1,154.43,154.55,10213.787
2024-10-19 01:00:00,154.55,155.02,154.38,154.4,7545.448
2024-10-19 02:00:00,154.4,155.05,154.22,155.01,11956.366
2024-10-19 03:00:00,155.01,156.0,154.56,154.56,16775.07
2024-10-19 04:00:00,154.56,154.97,154.18,154.21,8615.933
2024-10-19 05:00:00,154.21,155.01,154.17,154.96,6648.639
2024-10-19 06:00:00,154.96,155.15,154.52,154.58,6413.131
2024-10-19 07:00:00,154.58,154.68,154.09,154.57,10614.415
2024-10-19 08:00:00,154.57,154.99,154.56,154.79,9133.453
2024-10-19 09:00:00,154.79,154.96,154.58,154.84,6811.022
2024-10-19 10:00:00,154.84,155.06,154.26,154.4,8271.206
2024-10-19 11:00:00,154.4,154.77,153.63,153.86,23906.481
2024-10-19 12:00:00,153.86,154.79,153.82,154.6,10774.565
2024-10-19 13:00:00,154.6,154.95,154.26,154.8,13098.086
2024-10-19 14:00:00,154.8,156.99,154.8,156.95,34386.944
2024-10-19 15:00:00,156.95,157.49,155.96,156.49,23990.447
2024-10-19 16:00:00,156.49,156.97,155.78,156.09,21319.869
2024-10-19 17:00:00,156.09,156.31,155.35,155.66,15603.554
2024-10-19 18:00:00,155.66,156.26,155.62,155.84,6646.683
2024-10-19 19:00:00,155.84,156.88,155.78,156.36,12021.443
2024-10-19 20:00:00,156.36,156.9,156.14,156.8,9101.212
2024-10-19 21:00:00,156.8,157.89,156.74,157.02,20785.693
2024-10-19 22:00:00,157.02,158.92,156.9,158.89,31079.984
2024-10-19 23:00:00,158.89,159.84,158.65,159.78,38724.171
2024-10-20 00:00:00,159.78,160.59,158.77,158.78,40207.997
2024-10-20 01:00:00,158.78,159.37,158.48,158.77,20753.889
2024-10-20 02:00:00,158.77,159.29,158.35,158.6,19383.306
2024-10-20 03:00:00,158.6,159.08,158.17,159.04,19088.078
2024-10-20 04:00:00,159.04,160.0,158.7,159.49,16416.71
2024-10-20 05:00:00,159.49,160.58,159.27,159.34,32990.31
2024-10-20 06:00:00,159.34,159.41,158.58,159.26,26411.367
2024-10-20 07:00:00,159.26,159.46,158.69,158.78,10543.721
2024-10-20 08:00:00,158.78,159.34,158.38,158.79,11286.061
2024-10-20 09:00:00,158.79,159.44,158.58,159.16,9891.072
2024-10-20 10:00:00,159.16,159.42,158.49,158.78,9911.22
2024-10-20 11:00:00,158.78,159.29,158.78,159.18,10348.115
2024-10-20 12:00:00,159.18,159.32,158.29,158.32,17605.665
2024-10-20 13:00:00,158.32,158.73,157.61,158.14,34287.758
2024-10-20 14:00:00,158.14,161.5,158.11,160.81,72552.407
2024-10-20 15:00:00,160.81,160.97,158.87,160.03,61897.187
2024-10-20 16:00:00,160.03,160.34,159.38,159.89,21384.949
2024-10-20 17:00:00,159.89,160.66,159.32,160.21,19641.048
2024-10-20 18:00:00,160.21,161.23,160.11,160.46,17746.053
2024-10-20 19:00:00,160.46,160.59,159.54,160.38,12503.749
2024-10-20 20:00:00,160.38,163.27,160.15,162.74,61947.849
2024-10-20 21:00:00,162.74,163.86,162.74,163.77,56686.261
2024-10-20 22:00:00,163.77,167.33,163.5,166.69,129725.298
2024-10-20 23:00:00,166.69,167.97,166.43,167.4,57060.721
2024-10-21 00:00:00,167.4,169.99,167.19,168.74,72574.762
2024-10-21 01:00:00,168.74,169.93,168.42,169.8,34582.675
2024-10-21 02:00:00,169.8,170.11,168.2,168.47,69559.876
2024-10-21 03:00:00,168.47,169.55,168.28,169.51,46585.503
2024-10-21 04:00:00,169.51,170.87,168.64,170.57,36518.673
2024-10-21 05:00:00,170.57,171.72,169.51,169.61,53123.062
2024-10-21 06:00:00,169.61,171.1,168.73,169.11,30561.885
2024-10-21 07:00:00,169.11,169.85,168.58,168.66,47182.071
2024-10-21 08:00:00,168.66,169.63,166.59,166.59,84055.881
2024-10-21 09:00:00,166.59,167.66,165.74,166.93,51585.382
2024-10-21 10:00:00,166.93,167.36,165.87,166.11,45444.259
2024-10-21 11:00:00,166.11,166.91,165.72,166.4,28473.195
2024-10-21 12:00:00,166.4,167.08,165.39,165.66,30262.299
2024-10-21 13:00:00,165.66,166.17,161.4,162.61,93962.927
2024-10-21 14:00:00,162.61,164.92,162.48,164.27,58195.268
2024-10-21 15:00:00,164.27,165.33,163.09,165.31,46334.435
2024-10-21 16:00:00,165.31,165.36,163.07,164.6,36876.213
2024-10-21 17:00:00,164.6,166.16,164.46,165.71,36394.014
2024-10-21 18:00:00,165.71,166.12,164.84,165.77,30207.299
2024-10-21 19:00:00,165.77,168.11,165.76,167.79,35755.295
2024-10-21 20:00:00,167.79,167.82,166.12,166.53,28813.794
2024-10-21 21:00:00,166.53,168.15,166.45,167.47,29939.813
2024-10-21 22:00:00,167.47,168.11,166.9,167.78,18645.176
2024-10-21 23:00:00,167.78,167.79,166.05,166.17,24765.883
2024-10-22 00:00:00,166.17,166.54,162.97,165.4,61651.976
2024-10-22 01:00:00,165.4,167.33,164.89,167.06,37155.832
2024-10-22 02:00:00,167.06,167.89,165.9,165.99,26507.931
2024-10-22 03:00:00,165.99,166.55,165.5,166.45,20074.092
2024-10-22 04:00:00,166.45,167.52,166.18,167.43,22321.79
2024-10-22 05:00:00,167.43,168.96,167.13,168.5,35203.571
2024-10-22 06:00:00,168.5,168.99,168.28,168.28,25359.65
2024-10-22 07:00:00,168.28,168.59,166.94,167.09,17335.165
2024-10-22 08:00:00,167.09,167.23,165.0,165.66,45402.247
2024-10-22 09:00:00,165.66,165.83,163.5,165.0,59400.23
2024-10-22 10:00:00,165.0,166.86,164.12,166.42,37296.509
2024-10-22 11:00:00,166.42,169.2,166.32,167.89,52875.932
2024-10-22 12:00:00,167.89,169.33,165.61,166.14,80469.08
2024-10-22 13:00:00,166.14,167.09,164.83,166.13,72171.259
2024-10-22 14:00:00,166.13,170.62,165.58,170.14,147880.488
2024-10-22 15:00:00,170.14,170.95,167.36,167.78,63987.862
2024-10-22 16:00:00,167.78,168.18,166.01,166.13,51617.872
2024-10-22 17:00:00,166.13,167.69,166.02,167.24,46171.66
2024-10-22 18:00:00,167.24,168.71,167.15,167.92,25681.11
2024-10-22 19:00:00,167.92,169.17,167.82,168.48,28869.725
2024-10-22 20:00:00,168.48,168.87,167.81,168.29,16146.4
2024-10-22 21:00:00,168.29,168.37,167.12,167.56,14125.502
2024-10-22 22:00:00,167.56,169.22,167.35,168.97,21510.489
2024-10-22 23:00:00,168.97,169.13,166.91,167.6,18474.849
2024-10-23 00:00:00,167.6,167.98,165.91,166.14,32767.509
2024-10-23 01:00:00,166.14,167.53,166.12,167.38,17437.97
2024-10-23 02:00:00,167.38,167.52,165.98,166.01,16614.693
2024-10-23 03:00:00,166.01,166.46,164.56,165.53,33311.642
2024-10-23 04:00:00,165.53,166.22,164.96,165.89,22896.311
2024-10-23 05:00:00,165.89,166.03,164.23,165.06,32572.752
2024-10-23 06:00:00,165.06,166.49,164.79,165.26,51087.732
2024-10-23 07:00:00,165.26,165.74,164.68,165.7,25152.815
2024-10-23 08:00:00,165.7,166.39,164.48,164.88,46365.713
2024-10-23 09:00:00,164.88,166.05,164.15,165.75,32527.709
2024-10-23 10:00:00,165.75,166.86,165.45,165.61,31045.01
2024-10-23 11:00:00,165.61,166.94,165.52,166.42,24805.683
2024-10-23 12:00:00,166.42,167.14,164.96,166.49,48274.285
2024-10-23 13:00:00,166.49,169.45,166.2,169.06,54117.871
2024-10-23 14:00:00,169.06,169.25,167.28,167.78,42760.396
2024-10-23 15:00:00,167.78,168.49,166.33,168.15,64424.293
2024-10-23 16:00:00,168.15,168.67,165.45,165.55,65974.035
2024-10-23 17:00:00,165.55,167.3,165.33,166.27,63503.48
2024-10-23 18:00:00,166.27,170.33,164.71,169.73,165104.461
2024-10-23 19:00:00,169.73,173.92,168.94,173.0,161952.474
2024-10-23 20:00:00,173.0,174.28,172.28,173.59,61266.562
2024-10-23 21:00:00,173.59,173.72,171.19,171.5,44397.746
2024-10-23 22:00:00,171.5,172.0,170.04,170.96,37829.312
2024-10-23 23:00:00,170.96,171.93,170.66,170.85,28159.169
2024-10-24 00:00:00,170.85,172.93,170.51,172.87,34541.861
2024-10-24 01:00:00,172.87,173.89,172.21,172.94,57704.879
2024-10-24 02:00:00,172.94,174.96,172.7,174.54,57490.583
2024-10-24 03:00:00,174.54,175.0,174.16,174.17,31929.168
2024-10-24 04:00:00,174.17,175.26,173.46,173.55,54841.755
2024-10-24 05:00:00,173.55,173.87,172.78,173.18,14903.725
2024-10-24 06:00:00,173.18,174.16,172.87,173.42,27087.91
2024-10-24 07:00:00,173.42,174.0,173.12,173.53,34534.808
2024-10-24 08:00:00,173.53,174.38,172.03,172.09,24430.51
2024-10-24 09:00:00,172.09,172.65,170.96,171.74,48090.395
2024-10-24 10:00:00,171.74,173.32,171.66,172.98,33728.651
2024-10-24 11:00:00,172.98,174.08,172.45,173.87,49507.696
2024-10-24 12:00:00,173.87,175.44,173.71,174.99,48141.444
2024-10-24 13:00:00,174.99,176.35,174.12,175.81,83720.856
2024-10-24 14:00:00,175.81,177.19,174.46,175.79,52781.886
2024-10-24 15:00:00,175.79,177.17,175.15,175.44,55757.395
2024-10-24 16:00:00,175.44,177.3,174.66,176.69,39018.335
2024-10-24 17:00:00,176.69,177.05,175.22,175.45,26292.159
2024-10-24 18:00:00,175.45,176.38,175.29,176.24,19855.32
2024-10-24 19:00:00,176.24,177.8,176.01,177.4,50418.069
2024-10-24 20:00:00,177.4,177.48,176.47,177.36,32478.349
2024-10-24 21:00:00,177.36,178.71,177.14,177.96,37380.655
2024-10-24 22:00:00,177.96,179.28,177.91,178.73,32012.902
2024-10-24 23:00:00,178.73,178.8,176.76,177.18,24591.725
2024-10-25 00:00:00,177.18,177.46,176.2,176.68,25529.44
2024-10-25 01:00:00,176.68,176.69,175.35,175.69,19265.194
2024-10-25 02:00:00,175.69,176.51,175.17,175.73,42042.346
2024-10-25 03:00:00,175.73,176.42,174.32,174.67,55674.059
2024-10-25 04:00:00,174.67,175.05,172.87,173.27,46757.901
2024-10-25 05:00:00,173.27,174.15,172.38,173.85,27739.243
2024-10-25 06:00:00,173.85,174.55,173.3,173.52,35549.029
2024-10-25 07:00:00,173.52,173.94,171.55,171.9,43500.719
2024-10-25 08:00:00,171.9,172.92,170.9,172.33,48993.919
2024-10-25 09:00:00,172.33,173.31,170.82,173.25,38048.4
2024-10-25 10:00:00,173.25,174.01,172.39,173.58,47974.732
2024-10-25 11:00:00,173.58,174.15,173.17,173.62,25979.059
2024-10-25 12:00:00,173.62,174.49,173.26,173.45,21620.333
2024-10-25 13:00:00,173.45,175.43,172.6,175.28,53259.37
2024-10-25 14:00:00,175.28,177.58,174.44,175.58,88449.128
2024-10-25 15:00:00,175.58,176.74,171.24,172.45,59569.561
2024-10-25 16:00:00,172.45,173.01,170.67,172.0,85443.342
2024-10-25 17:00:00,172.0,172.33,166.94,167.93,98785.969
2024-10-25 18:00:00,167.93,171.76,165.13,169.32,320107.72
2024-10-25 19:00:00,169.32,169.74,167.23,168.0,126374.983
2024-10-25 20:00:00,168.0,168.84,166.5,167.16,41849.593
2024-10-25 21:00:00,167.16,168.67,167.12,168.21,23350.743
2024-10-25 22:00:00,168.21,168.24,163.55,163.78,54475.542
2024-10-25 23:00:00,163.78,165.4,158.93,164.9,364863.717
2024-10-26 00:00:00,164.9,165.96,163.79,164.91,86336.955
2024-10-26 01:00:00,164.91,165.34,163.34,163.34,29399.511
2024-10-26 02:00:00,163.34,166.0,162.48,164.87,53655.565
2024-10-26 03:00:00,164.87,165.91,164.17,165.66,31462.881
2024-10-26 04:00:00,165.66,166.6,165.36,166.53,29637.252
2024-10-26 05:00:00,166.53,167.72,166.24,166.84,38144.808
2024-10-26 06:00:00,166.84,168.61,166.4,168.47,30790.164
2024-10-26 07:00:00,168.47,170.0,167.29,167.35,56524.477
2024-10-26 08:00:00,167.35,168.64,167.32,168.42,15952.167
2024-10-26 09:00:00,168.42,169.57,168.1,169.11,30430.556
2024-10-26 10:00:00,169.11,170.33,169.02,169.25,43427.821
2024-10-26 11:00:00,169.25,169.63,168.29,168.69,21957.743
2024-10-26 12:00:00,168.69,169.47,168.38,169.03,20223.147
2024-10-26 13:00:00,169.03,169.27,168.0,168.06,33167.431
2024-10-26 14:00:00,168.06,168.65,167.2,167.68,47119.746
2024-10-26 15:00:00,167.68,169.33,167.35,168.62,32551.887
2024-10-26 16:00:00,168.62,169.78,168.36,169.23,20099.55
2024-10-26 17:00:00,169.23,170.44,168.88,170.1,29965.528
2024-10-26 18:00:00,170.1,170.42,169.54,169.91,29905.853
2024-10-26 19:00:00,169.91,172.37,169.9,171.53,59164.315
2024-10-26 20:00:00,171.53,173.14,171.43,172.57,26782.155
2024-10-26 21:00:00,172.57,173.28,170.94,171.29,28184.103
2024-10-26 22:00:00,171.29,171.83,170.84,171.38,18365.407
2024-10-26 23:00:00,171.38,171.55,170.65,170.86,11298.728
2024-10-27 00:00:00,170.86,171.25,170.27,170.65,12291.124
2024-10-27 01:00:00,170.65,172.5,170.3,172.38,13447.266
2024-10-27 02:00:00,172.38,173.19,171.33,171.57,19040.205
2024-10-27 03:00:00,171.57,172.4,171.11,172.14,14546.199
2024-10-27 04:00:00,172.14,172.7,171.66,172.52,11961.217
2024-10-27 05:00:00,172.52,173.08,172.36,172.56,9983.43
2024-10-27 06:00:00,172.56,173.42,172.17,173.35,13647.479
2024-10-27 07:00:00,173.35,173.52,172.83,173.25,16142.936
2024-10-27 08:00:00,173.25,175.52,173.16,175.27,27866.835
2024-10-27 09:00:00,175.27,175.53,173.69,174.6,27573.764
2024-10-27 10:00:00,174.6,174.72,173.51,173.65,12839.467
2024-10-27 11:00:00,173.65,175.0,173.42,174.02,11659.252
2024-10-27 12:00:00,174.02,176.1,174.02,175.75,34369.731
2024-10-27 13:00:00,175.75,176.74,175.51,175.94,35893.182
2024-10-27 14:00:00,175.94,177.04,175.65,176.45,27207.598
2024-10-27 15:00:00,176.45,176.92,175.65,175.79,16130.147
2024-10-27 16:00:00,175.79,176.7,174.75,176.67,37114.445
2024-10-27 17:00:00,176.67,177.74,176.08,176.13,74674.242
2024-10-27 18:00:00,176.13,177.34,175.72,175.81,26176.409
2024-10-27 19:00:00,175.81,177.36,175.6,177.19,23395.749
2024-10-27 20:00:00,177.19,177.49,176.59,176.85,22988.552
2024-10-27 21:00:00,176.85,178.13,176.54,177.08,18411.66
2024-10-27 22:00:00,177.08,178.15,177.08,177.74,25051.03
2024-10-27 23:00:00,177.74,178.28,176.58,176.62,20638.604
2024-10-28 00:00:00,176.62,177.19,175.77,176.06,22490.165
2024-10-28 01:00:00,176.06,176.61,175.46,175.65,16811.405
2024-10-28 02:00:00,175.65,176.1,174.78,175.14,22075.079
2024-10-28 03:00:00,175.14,176.7,175.03,175.68,38004.104
2024-10-28 04:00:00,175.68,175.68,173.8,175.26,43454.1
2024-10-28 05:00:00,175.26,175.26,173.01,174.38,30188.471
2024-10-28 06:00:00,174.38,174.86,173.38,174.54,20870.058
2024-10-28 07:00:00,174.54,176.74,174.36,175.7,30480.785
2024-10-28 08:00:00,175.7,177.55,175.61,176.85,35739.958
2024-10-28 09:00:00,176.85,177.88,176.43,177.79,19717.079
2024-10-28 10:00:00,177.79,178.56,177.17,177.28,39396.322
2024-10-28 11:00:00,177.28,177.83,176.76,176.97,21202.594
2024-10-28 12:00:00,176.97,177.96,176.34,177.54,37978.866
2024-10-28 13:00:00,177.54,177.9,175.03,175.15,55794.603
2024-10-28 14:00:00,175.15,175.69,173.32,174.99,93825.794
2024-10-28 15:00:00,174.99,175.01,173.32,173.38,41925.813
2024-10-28 16:00:00,173.38,175.16,173.0,173.78,32577.131
2024-10-28 17:00:00,173.78,175.94,172.42,174.8,45204.1
2024-10-28 18:00:00,174.8,175.94,174.56,175.39,38317.903
2024-10-28 19:00:00,175.39,178.08,175.23,176.36,84307.188
2024-10-28 20:00:00,176.36,176.59,175.71,176.58,25598.196
2024-10-28 21:00:00,176.58,177.97,176.28,177.63,21430.778
2024-10-28 22:00:00,177.63,179.8,177.59,178.65,89956.04
2024-10-28 23:00:00,178.65,179.6,177.85,178.28,39021.33
2024-10-29 00:00:00,178.28,179.0,177.36,178.67,26314.907
2024-10-29 01:00:00,178.67,178.75,177.14,178.3,23455.792
2024-10-29 02:00:00,178.3,182.29,177.95,180.86,137461.204
2024-10-29 03:00:00,180.86,181.92,180.44,181.81,73776.989
2024-10-29 04:00:00,181.81,182.73,181.56,181.97,60331.35
2024-10-29 05:00:00,181.97,181.99,180.21,180.9,39425.534
2024-10-29 06:00:00,180.9,181.29,180.06,180.33,25244.943
2024-10-29 07:00:00,180.33,180.6,179.51,180.15,21258.671
2024-10-29 08:00:00,180.15,181.67,180.0,181.05,17428.844
2024-10-29 09:00:00,181.05,181.5,180.67,181.09,18175.864
2024-10-29 10:00:00,181.09,181.41,180.64,181.07,16450.732
2024-10-29 11:00:00,181.07,181.89,180.33,180.82,27833.081
2024-10-29 12:00:00,180.82,180.95,179.23,179.3,27564.733
2024-10-29 13:00:00,179.3,180.13,178.24,179.84,40183.717
2024-10-29 14:00:00,179.84,180.76,178.37,179.41,41468.881
2024-10-29 15:00:00,179.41,181.02,178.96,180.65,45925.71
2024-10-29 16:00:00,180.65,183.43,180.55,182.49,96868.08
2024-10-29 17:00:00,182.49,183.23,180.23,180.89,62870.691
2024-10-29 18:00:00,180.89,182.12,180.51,181.3,38338.39
2024-10-29 19:00:00,181.3,181.92,178.1,178.18,88626.677
2024-10-29 20:00:00,178.18,178.91,176.38,178.4,78246.178
2024-10-29 21:00:00,178.4,179.3,177.89,178.8,19136.172
2024-10-29 22:00:00,178.8,180.29,178.6,179.55,26865.155
2024-10-29 23:00:00,179.55,179.88,178.76,179.44,12786.903
2024-10-30 00:00:00,179.44,179.51,177.94,178.32,22217.515
2024-10-30 01:00:00,178.32,180.1,177.0,179.91,28798.072
2024-10-30 02:00:00,179.91,180.88,179.34,179.69,29144.97
2024-10-30 03:00:00,179.69,180.48,179.68,180.15,14684.926
2024-10-30 04:00:00,180.15,180.86,179.86,180.7,19089.485
2024-10-30 05:00:00,180.7,181.34,179.72,179.99,18576.686
2024-10-30 06:00:00,179.99,180.63,178.71,178.76,19303.256
2024-10-30 07:00:00,178.76,178.94,178.17,178.69,19245.4
2024-10-30 08:00:00,178.69,179.34,177.81,177.9,18427.576
2024-10-30 09:00:00,177.9,178.74,177.62,178.12,16814.183
2024-10-30 10:00:00,178.12,178.26,177.07,177.2,38795.776
2024-10-30 11:00:00,177.2,177.43,175.28,175.68,55630.87
2024-10-30 12:00:00,175.68,175.97,174.62,175.48,43862.717
2024-10-30 13:00:00,175.48,176.64,174.15,176.42,41831.372
2024-10-30 14:00:00,176.42,177.26,175.44,175.83,59103.174
2024-10-30 15:00:00,175.83,175.99,173.16,173.94,50705.469
2024-10-30 16:00:00,173.94,175.28,173.27,175.02,39364.195
2024-10-30 17:00:00,175.02,175.55,174.44,175.38,31855.116
2024-10-30 18:00:00,175.38,175.8,173.65,174.0,43984.206
2024-10-30 19:00:00,174.0,174.76,173.49,174.27,18977.383
2024-10-30 20:00:00,174.27,176.67,173.06,176.65,56207.385
2024-10-30 21:00:00,176.65,177.09,174.03,175.14,29993.546
2024-10-30 22:00:00,175.14,175.6,174.72,175.36,12655.677
2024-10-30 23:00:00,175.36,176.11,174.81,174.88,19828.847
2024-10-31 00:00:00,174.88,175.5,174.85,175.33,15003.963
2024-10-31 01:00:00,175.33,176.15,174.36,175.6,16722.319
2024-10-31 02:00:00,175.6,176.56,175.05,175.87,14940.497
2024-10-31 03:00:00,175.87,176.13,174.15,174.36,18980.793
2024-10-31 04:00:00,174.36,175.33,174.2,175.1,14468.3
2024-10-31 05:00:00,175.1,176.0,174.97,175.15,11977.413
2024-10-31 06:00:00,175.15,175.33,173.53,173.71,31992.845
2024-10-31 07:00:00,173.71,174.88,173.14,174.48,15873.958
2024-10-31 08:00:00,174.48,174.58,173.29,174.19,14716.438
2024-10-31 09:00:00,174.19,175.45,174.04,175.21,18585.646
2024-10-31 10:00:00,175.21,176.32,174.65,176.29,18383.582
2024-10-31 11:00:00,176.29,176.35,174.76,175.02,18803.694
2024-10-31 12:00:00,175.02,175.44,174.1,174.23,22559.616
2024-10-31 13:00:00,174.23,174.46,171.32,171.91,51523.685
2024-10-31 14:00:00,171.91,172.07,169.3,170.42,104958.355
2024-10-31 15:00:00,170.42,172.03,170.26,170.64,58149.072
2024-10-31 16:00:00,170.64,170.74,169.34,169.8,67541.328
2024-10-31 17:00:00,169.8,170.75,169.38,170.32,36309.146
2024-10-31 18:00:00,170.32,170.34,168.59,169.63,37253.748
2024-10-31 19:00:00,169.63,170.39,168.52,168.69,32738.214
2024-10-31 20:00:00,168.69,170.28,168.38,169.6,36598.14
2024-10-31 21:00:00,169.6,169.95,169.06,169.13,13581.954
2024-10-31 22:00:00,169.13,169.72,167.57,169.5,25307.55
2024-10-31 23:00:00,169.5,169.87,168.46,168.67,14194.817
2024-11-01 00:00:00,168.67,169.26,168.36,169.07,14407.258
2024-11-01 01:00:00,169.07,169.42,166.5,167.17,34405.129
2024-11-01 02:00:00,167.17,167.9,165.4,167.66,50878.592
2024-11-01 03:00:00,167.66,168.08,166.86,167.16,15488.755
2024-11-01 04:00:00,167.16,167.52,166.73,167.4,11686.645
2024-11-01 05:00:00,167.4,167.62,166.79,166.93,9286.213
2024-11-01 06:00:00,166.93,167.11,165.31,165.46,34080.216
2024-11-01 07:00:00,165.46,166.27,165.04,165.95,18605.116
2024-11-01 08:00:00,165.95,166.57,165.54,165.8,17035.517
2024-11-01 09:00:00,165.8,167.01,165.0,166.99,23888.933
2024-11-01 10:00:00,166.99,168.84,166.91,168.19,37431.577
2024-11-01 11:00:00,168.19,168.68,167.67,167.88,25361.415
2024-11-01 12:00:00,167.88,169.78,167.72,169.68,31177.228
2024-11-01 13:00:00,169.68,173.0,169.2,172.96,54084.307
2024-11-01 14:00:00,172.96,174.06,170.53,171.48,73719.423
2024-11-01 15:00:00,171.48,171.74,163.49,164.14,118660.653
2024-11-01 16:00:00,164.14,167.69,163.68,166.32,73797.065
2024-11-01 17:00:00,166.32,167.82,165.9,166.51,34514.197
2024-11-01 18:00:00,166.51,167.11,165.95,166.16,28786.933
2024-11-01 19:00:00,166.16,166.82,165.38,166.6,31944.587
2024-11-01 20:00:00,166.6,167.13,165.61,165.68,17502.243
2024-11-01 21:00:00,165.68,165.68,163.91,165.25,19895.539
2024-11-01 22:00:00,165.25,165.92,164.71,165.85,15752.841
2024-11-01 23:00:00,165.85,166.41,165.57,166.1,10101.631
2024-11-02 00:00:00,166.1,167.35,166.03,166.85,13713.259
2024-11-02 01:00:00,166.85,167.74,166.77,167.38,10141.441
2024-11-02 02:00:00,167.38,168.62,167.2,167.47,23706.326
2024-11-02 03:00:00,167.47,167.72,166.71,167.01,9230.239
2024-11-02 04:00:00,167.01,167.13,166.26,166.3,9253.62
2024-11-02 05:00:00,166.3,166.99,165.6,166.89,15810.568
2024-11-02 06:00:00,166.89,166.99,166.24,166.9,6585.416
2024-11-02 07:00:00,166.9,167.68,166.45,167.63,14332.356
2024-11-02 08:00:00,167.63,167.87,166.5,166.62,9754.264
2024-11-02 09:00:00,166.62,167.12,166.22,166.37,8947.581
2024-11-02 10:00:00,166.37,166.58,165.93,166.41,9428.934
2024-11-02 11:00:00,166.41,166.55,165.86,166.02,12084.748
2024-11-02 12:00:00,166.02,166.46,164.78,164.96,28679.016
2024-11-02 13:00:00,164.96,165.91,164.12,164.24,27460.308
2024-11-02 14:00:00,164.24,164.65,162.57,163.46,64279.834
2024-11-02 15:00:00,163.46,163.92,162.1,163.81,44029.704
2024-11-02 16:00:00,163.81,165.42,163.57,164.81,21482.883
2024-11-02 17:00:00,164.81,164.83,163.6,163.99,15719.23
2024-11-02 18:00:00,163.99,164.28,162.99,163.97,18885.349
2024-11-02 19:00:00,163.97,165.35,163.84,165.17,12263.042
2024-11-02 20:00:00,165.17,166.88,164.94,166.66,25596.483
2024-11-02 21:00:00,166.66,166.93,166.19,166.21,8167.263
2024-11-02 22:00:00,166.21,166.68,165.68,165.89,10130.899
2024-11-02 23:00:00,165.89,166.16,165.19,166.15,10335.097
2024-11-03 00:00:00,166.15,166.61,165.13,165.13,15654.932
2024-11-03 01:00:00,165.13,165.44,163.86,163.87,30059.689
2024-11-03 02:00:00,163.87,164.36,161.02,162.2,73545.286
2024-11-03 03:00:00,162.2,162.53,160.85,161.94,87405.392
2024-11-03 04:00:00,161.94,163.63,161.8,163.1,25883.613
2024-11-03 05:00:00,163.1,163.43,162.0,162.02,12486.276
2024-11-03 06:00:00,162.02,163.62,161.8,163.18,18293.789
2024-11-03 07:00:00,163.18,164.1,163.0,163.54,17601.999
2024-11-03 08:00:00,163.54,164.04,163.12,163.8,24185.189
2024-11-03 09:00:00,163.8,164.11,162.66,162.89,15815.5
2024-11-03 10:00:00,162.89,164.54,162.89,164.13,18648.656
2024-11-03 11:00:00,164.13,164.85,162.98,163.6,44671.604
2024-11-03 12:00:00,163.6,164.59,163.19,163.54,15837.143
2024-11-03 13:00:00,163.54,163.8,160.69,161.04,44061.202
2024-11-03 14:00:00,161.04,161.6,158.74,159.32,87552.166
2024-11-03 15:00:00,159.32,160.25,157.85,159.98,75263.823
2024-11-03 16:00:00,159.98,161.35,159.37,159.51,64558.443
2024-11-03 17:00:00,159.51,161.84,159.5,161.02,22959.414
2024-11-03 18:00:00,161.02,161.34,158.06,158.91,37787.108
2024-11-03 19:00:00,158.91,161.29,158.81,161.07,31282.35
2024-11-03 20:00:00,161.07,162.85,160.5,162.75,37459.645
2024-11-03 21:00:00,162.75,163.86,162.51,163.27,33556.803
2024-11-03 22:00:00,163.27,163.79,162.33,162.83,20456.52
2024-11-03 23:00:00,162.83,163.13,161.76,162.52,20299.912
2024-11-04 00:00:00,162.52,162.53,160.44,161.62,24919.383
2024-11-04 01:00:00,161.62,163.63,161.21,162.91,28308.012
2024-11-04 02:00:00,162.91,164.47,162.43,164.44,26937.79
2024-11-04 03:00:00,164.44,165.02,162.73,162.83,25614.324
2024-11-04 04:00:00,162.83,163.87,162.77,163.01,11861.659
2024-11-04 05:00:00,163.01,163.15,161.37,161.51,16422.379
2024-11-04 06:00:00,161.51,162.75,161.47,162.62,16338.864
2024-11-04 07:00:00,162.62,162.76,161.35,161.39,20117.522
2024-11-04 08:00:00,161.39,161.95,160.07,160.66,28198.327
2024-11-04 09:00:00,160.66,162.02,160.63,161.85,24498.671
2024-11-04 10:00:00,161.85,163.82,161.61,163.42,32245.012
2024-11-04 11:00:00,163.42,164.82,163.0,164.08,42696.913
2024-11-04 12:00:00,164.08,164.99,163.53,164.19,30991.905
2024-11-04 13:00:00,164.19,165.0,163.29,163.35,26548.162
2024-11-04 14:00:00,163.35,164.42,162.01,162.54,44991.857
2024-11-04 15:00:00,162.54,163.55,161.6,163.03,34405.722
2024-11-04 16:00:00,163.03,163.44,159.85,160.17,57797.767
2024-11-04 17:00:00,160.17,161.7,159.76,160.58,39345.021
2024-11-04 18:00:00,160.58,161.36,159.13,159.19,32297.471
2024-11-04 19:00:00,159.19,160.24,159.15,159.59,24257.694
2024-11-04 20:00:00,159.59,160.05,158.21,158.36,30047.49
2024-11-04 21:00:00,158.36,159.17,155.11,155.36,81648.711
2024-11-04 22:00:00,155.36,158.83,155.1,158.03,47139.931
2024-11-04 23:00:00,158.03,158.35,157.15,157.94,28680.213
2024-11-05 00:00:00,157.94,159.15,157.83,158.58,27118.933
2024-11-05 01:00:00,158.58,158.83,156.88,158.27,29274.915
2024-11-05 02:00:00,158.27,159.16,157.97,158.28,18381.914
2024-11-05 03:00:00,158.28,159.72,158.23,159.67,22256.423
2024-11-05 04:00:00,159.67,160.4,159.36,159.99,18953.574
2024-11-05 05:00:00,159.99,161.06,159.72,160.81,16476.31
2024-11-05 06:00:00,160.81,161.1,159.97,160.95,12729.149
2024-11-05 07:00:00,160.95,162.42,160.69,162.03,23155.665
2024-11-05 08:00:00,162.03,162.54,161.68,162.52,27806.358
2024-11-05 09:00:00,162.52,163.06,161.77,161.79,23341.673
2024-11-05 10:00:00,161.79,161.96,161.01,161.71,22960.386
2024-11-05 11:00:00,161.71,162.81,161.71,162.37,18730.883
2024-11-05 12:00:00,162.37,164.42,161.82,163.41,45271.069
2024-11-05 13:00:00,163.41,163.89,162.8,163.7,24972.264
2024-11-05 14:00:00,163.7,167.88,163.38,166.9,86001.67
2024-11-05 15:00:00,166.9,167.53,164.68,165.88,73217.71
2024-11-05 16:00:00,165.88,168.88,165.66,168.52,56159.263
2024-11-05 17:00:00,168.52,169.31,166.64,166.7,39314.296
2024-11-05 18:00:00,166.7,167.35,165.96,166.84,30934.549
2024-11-05 19:00:00,166.84,167.4,163.38,164.06,73529.097
2024-11-05 20:00:00,164.06,166.94,163.29,166.81,58167.448
2024-11-05 21:00:00,166.81,166.95,165.09,165.38,23596.206
2024-11-05 22:00:00,165.38,167.45,164.47,167.41,26187.975
2024-11-05 23:00:00,167.41,167.71,166.35,166.63,25342.127
2024-11-06 00:00:00,166.63,173.06,166.39,172.48,105092.368
2024-11-06 01:00:00,172.48,174.69,171.59,173.31,96787.756
2024-11-06 02:00:00,173.31,180.07,172.57,179.64,130209.212
2024-11-06 03:00:00,179.64,184.99,179.22,184.93,263712.988
2024-11-06 04:00:00,184.93,188.48,182.52,185.1,202222.579
2024-11-06 05:00:00,185.1,185.87,183.62,185.22,99268.685
2024-11-06 06:00:00,185.22,188.11,184.9,185.2,92957.692
2024-11-06 07:00:00,185.2,188.22,183.09,183.83,178894.875
2024-11-06 08:00:00,183.83,184.47,180.19,183.15,182725.291
2024-11-06 09:00:00,183.15,185.05,183.15,184.28,43712.49
2024-11-06 10:00:00,184.28,185.47,183.34,185.14,39676.395
2024-11-06 11:00:00,185.14,186.85,184.63,186.74,45241.2
2024-11-06 12:00:00,186.74,188.75,186.08,186.32,62363.17
2024-11-06 13:00:00,186.32,187.56,185.48,186.95,53175.587
2024-11-06 14:00:00,186.95,188.56,184.52,184.95,76304.083
2024-11-06 15:00:00,184.95,187.8,184.27,185.49,58867.852
2024-11-06 16:00:00,185.49,186.22,184.72,186.18,35996.385
2024-11-06 17:00:00,186.18,186.76,185.02,185.68,46776.971
2024-11-06 18:00:00,185.68,187.62,185.57,187.58,43633.179
2024-11-06 19:00:00,187.58,188.42,186.52,188.42,45097.857
2024-11-06 20:00:00,188.42,188.62,186.43,187.45,38078.839
2024-11-06 21:00:00,187.45,190.0,186.52,188.88,78748.717
2024-11-06 22:00:00,188.88,190.08,188.31,189.02,30530.091
2024-11-06 23:00:00,189.02,189.19,186.51,186.53,32057.621
2024-11-07 00:00:00,186.53,187.46,185.83,187.26,28095.666
2024-11-07 01:00:00,187.26,191.88,186.81,189.47,63302.982
2024-11-07 02:00:00,189.47,191.98,189.36,191.47,37739.83
2024-11-07 03:00:00,191.47,191.49,188.6,189.09,31761.724
2024-11-07 04:00:00,189.09,190.05,188.12,188.46,34246.297
2024-11-07 05:00:00,188.46,188.92,187.76,188.85,30199.584
2024-11-07 06:00:00,188.85,188.98,186.01,187.44,35059.082
2024-11-07 07:00:00,187.44,188.42,186.98,187.99,18363.919
2024-11-07 08:00:00,187.99,189.34,187.88,188.98,22120.845
2024-11-07 09:00:00,188.98,188.99,187.62,188.4,15786.109
2024-11-07 10:00:00,188.4,188.46,186.63,187.56,23059.366
2024-11-07 11:00:00,187.56,187.87,186.0,186.05,22962.926
2024-11-07 12:00:00,186.05,187.93,186.0,187.59,22434.83
2024-11-07 13:00:00,187.59,188.47,186.0,186.09,27365.091
2024-11-07 14:00:00,186.09,188.35,186.0,187.66,33913.059
2024-11-07 15:00:00,187.66,192.76,187.36,192.67,94267.917
2024-11-07 16:00:00,192.67,194.44,191.05,193.93,81160.949
2024-11-07 17:00:00,193.93,196.16,192.62,195.93,64636.267
2024-11-07 18:00:00,195.93,197.97,194.66,196.83,91190.16
2024-11-07 19:00:00,196.83,197.25,194.34,197.0,52784.098
2024-11-07 20:00:00,197.0,197.61,195.83,197.08,49377.121
2024-11-07 21:00:00,197.08,197.81,196.24,196.24,29431.927
2024-11-07 22:00:00,196.24,196.83,194.51,195.28,21245.823
2024-11-07 23:00:00,195.28,196.54,194.13,196.33,20969.51
2024-11-08 00:00:00,196.33,201.12,196.33,198.91,90848.987
2024-11-08 01:00:00,198.91,200.36,197.48,198.29,40933.0
2024-11-08 02:00:00,198.29,198.55,195.64,195.93,27478.368
2024-11-08 03:00:00,195.93,198.6,195.73,198.18,25326.653
2024-11-08 04:00:00,198.18,198.93,197.61,197.78,12849.399
2024-11-08 05:00:00,197.78,200.23,197.72,199.19,28694.485
2024-11-08 06:00:00,199.19,199.79,198.0,198.78,27209.364
2024-11-08 07:00:00,198.78,200.81,197.36,200.36,46791.649
2024-11-08 08:00:00,200.36,200.52,198.14,199.26,55665.521
2024-11-08 09:00:00,199.26,202.94,198.9,202.28,41254.891
2024-11-08 10:00:00,202.28,204.22,201.03,203.61,40158.439
2024-11-08 11:00:00,203.61,204.84,202.94,203.04,44376.396
2024-11-08 12:00:00,203.04,204.08,202.32,202.62,30455.744
2024-11-08 13:00:00,202.62,205.12,202.16,204.55,44828.684
2024-11-08 14:00:00,204.55,205.0,199.43,199.63,67288.331
2024-11-08 15:00:00,199.63,202.06,198.39,200.95,84940.328
2024-11-08 16:00:00,200.95,201.56,196.96,197.09,56248.495
2024-11-08 17:00:00,197.09,199.58,196.22,199.16,47526.888
2024-11-08 18:00:00,199.16,202.12,198.53,199.62,52073.547
2024-11-08 19:00:00,199.62,201.6,199.56,199.57,30231.297
2024-11-08 20:00:00,199.57,200.19,197.64,198.46,27569.545
2024-11-08 21:00:00,198.46,199.16,197.12,198.84,23336.592
2024-11-08 22:00:00,198.84,199.73,198.27,198.92,21899.294
2024-11-08 23:00:00,198.92,200.0,198.18,199.87,17906.2
2024-11-09 00:00:00,199.87,200.14,198.64,199.67,22426.833
2024-11-09 01:00:00,199.67,200.12,198.71,199.38,27709.647
2024-11-09 02:00:00,199.38,199.87,197.2,199.54,29372.011
2024-11-09 03:00:00,199.54,200.27,198.2,198.99,29516.922
2024-11-09 04:00:00,198.99,200.14,198.99,199.66,18642.783
2024-11-09 05:00:00,199.66,201.83,199.48,200.92,56556.962
2024-11-09 06:00:00,200.92,202.44,200.43,200.85,35833.989
2024-11-09 07:00:00,200.85,200.96,199.67,200.28,18727.169
2024-11-09 08:00:00,200.28,202.59,199.91,201.42,33266.99
2024-11-09 09:00:00,201.42,202.63,201.36,201.76,24054.181
2024-11-09 10:00:00,201.76,203.43,201.36,203.01,23432.552
2024-11-09 11:00:00,203.01,203.14,201.4,202.18,31019.873
2024-11-09 12:00:00,202.18,202.59,199.99,200.01,21142.045
2024-11-09 13:00:00,200.01,201.02,199.38,199.58,23959.134
2024-11-09 14:00:00,199.58,199.62,197.44,198.23,107242.402
2024-11-09 15:00:00,198.23,198.75,197.37,198.4,27714.68
2024-11-09 16:00:00,198.4,198.7,196.55,196.78,30369.042
2024-11-09 17:00:00,196.78,198.07,195.01,198.02,51991.762
2024-11-09 18:00:00,198.02,198.96,197.79,198.82,19853.771
2024-11-09 19:00:00,198.82,199.61,197.47,197.74,40474.899
2024-11-09 20:00:00,197.74,198.66,197.39,198.52,22127.293
2024-11-09 21:00:00,198.52,199.43,198.02,198.33,20018.103
2024-11-09 22:00:00,198.33,200.08,198.11,200.04,20709.213
2024-11-09 23:00:00,200.04,202.0,199.62,199.88,49164.379
2024-11-10 00:00:00,199.88,201.79,198.59,200.47,52921.688
2024-11-10 01:00:00,200.47,200.7,198.75,200.08,24337.047
2024-11-10 02:00:00,200.08,204.98,199.97,202.42,145885.073
2024-11-10 03:00:00,202.42,203.31,201.38,201.41,33286.413
2024-11-10 04:00:00,201.41,205.51,200.92,205.03,81261.778
2024-11-10 05:00:00,205.03,209.0,204.4,206.74,131133.072
2024-11-10 06:00:00,206.74,207.28,204.74,205.7,95119.349
2024-11-10 07:00:00,205.7,206.7,204.94,204.98,63369.335
2024-11-10 08:00:00,204.98,205.56,203.98,205.27,44005.818
2024-11-10 09:00:00,205.27,206.25,204.67,205.25,34079.497
2024-11-10 10:00:00,205.25,206.2,204.5,205.36,42006.979
2024-11-10 11:00:00,205.36,207.46,204.74,206.62,52573.706
2024-11-10 12:00:00,206.62,207.71,203.46,205.45,70429.53
2024-11-10 13:00:00,205.45,206.83,204.79,206.65,28864.151
2024-11-10 14:00:00,206.65,209.49,204.32,206.5,72475.264
2024-11-10 15:00:00,206.5,213.33,205.54,212.21,169974.619
2024-11-10 16:00:00,212.21,212.73,208.99,210.98,76864.699
2024-11-10 17:00:00,210.98,215.4,210.49,212.77,94672.819
2024-11-10 18:00:00,212.77,214.86,211.84,212.22,90975.473
2024-11-10 19:00:00,212.22,213.05,206.18,208.46,95323.648
2024-11-10 20:00:00,208.46,209.49,202.37,202.5,82968.357
2024-11-10 21:00:00,202.5,208.22,199.66,207.29,108388.324
2024-11-10 22:00:00,207.29,214.05,206.66,210.53,85144.633
2024-11-10 23:00:00,210.53,211.25,208.55,210.07,36746.961
2024-11-11 00:00:00,210.07,211.18,209.45,210.7,53435.511
2024-11-11 01:00:00,210.7,212.5,209.4,210.46,52218.257
2024-11-11 02:00:00,210.46,211.68,209.44,211.5,39301.716
2024-11-11 03:00:00,211.5,211.57,208.13,210.0,38465.09
2024-11-11 04:00:00,210.0,210.26,206.44,207.88,46191.675
2024-11-11 05:00:00,207.88,208.16,204.08,206.1,74764.112
2024-11-11 06:00:00,206.1,208.15,204.98,207.01,55420.936
2024-11-11 07:00:00,207.01,208.66,206.44,207.97,34216.488
2024-11-11 08:00:00,207.97,209.42,206.55,208.76,40143.854
2024-11-11 09:00:00,208.76,211.21,208.02,211.07,52017.506
2024-11-11 10:00:00,211.07,216.8,210.94,215.67,109098.764
2024-11-11 11:00:00,215.67,217.69,214.67,217.63,92001.789
2024-11-11 12:00:00,217.63,219.44,215.31,215.99,115650.962
2024-11-11 13:00:00,215.99,217.2,214.46,217.04,54722.589
2024-11-11 14:00:00,217.04,221.17,216.36,218.86,127131.396
2024-11-11 15:00:00,218.86,220.76,217.41,219.07,124151.481
2024-11-11 16:00:00,219.07,222.28,217.65,217.99,123384.548
2024-11-11 17:00:00,217.99,220.54,217.44,219.07,64188.812
2024-11-11 18:00:00,219.07,219.71,216.55,219.29,73382.667
2024-11-11 19:00:00,219.29,221.08,216.22,217.78,105701.932
2024-11-11 20:00:00,217.78,223.0,217.49,218.7,109718.239
2024-11-11 21:00:00,218.7,221.22,217.73,218.84,96691.299
2024-11-11 22:00:00,218.84,220.42,216.6,220.26,70702.875
2024-11-11 23:00:00,220.26,224.1,219.55,222.11,123553.734
2024-11-12 00:00:00,222.11,222.56,215.17,220.48,133998.136
2024-11-12 01:00:00,220.48,221.44,218.31,218.9,83820.461
2024-11-12 02:00:00,218.9,219.88,215.28,217.53,68441.9
2024-11-12 03:00:00,217.53,220.89,216.37,220.63,49241.434
2024-11-12 04:00:00,220.63,221.56,218.37,218.41,58565.493
2024-11-12 05:00:00,218.41,220.25,216.13,217.75,51201.334
2024-11-12 06:00:00,217.75,221.03,217.4,219.86,46443.69
2024-11-12 07:00:00,219.86,221.87,218.53,221.78,55516.534
2024-11-12 08:00:00,221.78,225.0,220.62,224.86,73548.637
2024-11-12 09:00:00,224.86,225.25,215.65,215.69,127716.543
2024-11-12 10:00:00,215.69,217.49,208.71,213.26,235869.023
2024-11-12 11:00:00,213.26,215.86,210.92,211.18,95048.439
2024-11-12 12:00:00,211.18,214.02,207.43,208.93,99126.272
2024-11-12 13:00:00,208.93,210.26,204.72,209.62,115196.205
2024-11-12 14:00:00,209.62,213.42,206.91,213.32,92190.43
2024-11-12 15:00:00,213.32,213.66,209.89,210.54,80978.068
2024-11-12 16:00:00,210.54,212.62,206.72,211.6,98166.607
2024-11-12 17:00:00,211.6,212.7,209.58,209.63,34928.199
2024-11-12 18:00:00,209.63,214.48,209.56,213.3,56526.146
2024-11-12 19:00:00,213.3,215.37,212.85,213.2,45760.054
2024-11-12 20:00:00,213.2,213.85,211.6,212.86,37698.571
2024-11-12 21:00:00,212.86,213.62,210.03,212.93,58834.791
2024-11-12 22:00:00,212.93,215.52,211.82,215.13,35101.296
2024-11-12 23:00:00,215.13,215.13,211.41,211.63,37027.305
2024-11-13 00:00:00,211.63,213.25,210.35,210.52,52990.258
2024-11-13 01:00:00,210.52,211.97,208.05,210.41,58202.274
2024-11-13 02:00:00,210.41,210.73,204.37,207.41,67271.909
2024-11-13 03:00:00,207.41,208.16,203.09,203.2,70330.301
2024-11-13 04:00:00,203.2,205.69,200.75,205.3,103773.947
2024-11-13 05:00:00,205.3,207.32,203.83,204.56,106366.495
2024-11-13 06:00:00,204.56,206.51,201.74,202.34,114742.394
2024-11-13 07:00:00,202.34,205.77,201.54,205.24,113760.109
2024-11-13 08:00:00,205.24,207.14,203.87,205.9,60403.798
2024-11-13 09:00:00,205.9,208.07,205.22,206.35,69341.868
2024-11-13 10:00:00,206.35,208.52,205.71,207.3,47502.169
